GPU TFLOPS,Normalized Model,Model FLOPs,Latency (ms),Average Tensor Size (MB),Max Tensor Size (MB),Number of Parameters,Speed (steps/sec),Step Time (s),GPU (temp),Model (temp),GPU/Model,Model/GPU,Number of Tensors,Index File Size,Meta File Size,Weight File Size,Graph File Size,Event File Size
9.526,0,630989589,0.3,0.052934113,0.5625,693818,24.94680786,0.040085289,P100,Res15,1,0,50,5.42,0.97,5.3,1.96,3.4
9.526,0,630989589,0.3,0.052934113,0.5625,693818,24.78038979,0.04035449,P100,Res15,1,0,50,5.42,0.97,5.3,1.96,3.4
9.526,0,630989589,0.3,0.052934113,0.5625,693818,24.56657219,0.04070572,P100,Res15,1,0,50,5.42,0.97,5.3,1.96,3.4
9.526,0,630989589,0.3,0.052934113,0.5625,693818,24.69081497,0.040500891,P100,Res15,1,0,50,5.42,0.97,5.3,1.96,3.4
9.526,0,630989589,0.3,0.052934113,0.5625,693818,24.58264923,0.040679098,P100,Res15,1,0,50,5.42,0.97,5.3,1.96,3.4
9.526,0,630989589,0.3,0.052934113,0.5625,693818,24.86561966,0.040216171,P100,Res15,1,0,50,5.42,0.97,5.3,1.96,3.4
9.526,0,630989589,0.3,0.052934113,0.5625,693818,24.72988129,0.040436911,P100,Res15,1,0,50,5.42,0.97,5.3,1.96,3.4
9.526,0,630989589,0.3,0.052934113,0.5625,693818,24.80110741,0.04032078,P100,Res15,1,0,50,5.42,0.97,5.3,1.96,3.4
9.526,0,630989589,0.3,0.052934113,0.5625,693818,24.77297401,0.04036657,P100,Res15,1,0,50,5.42,0.97,5.3,1.96,3.4
9.526,0,630989589,0.3,0.052934113,0.5625,693818,24.70463181,0.040478239,P100,Res15,1,0,50,5.42,0.97,5.3,1.96,3.4
9.526,0,630989589,0.3,0.052934113,0.5625,693818,24.29464722,0.04116133,P100,Res15,1,0,50,5.42,0.97,5.3,1.96,3.4
9.526,0,630989589,0.3,0.052934113,0.5625,693818,23.58196259,0.042405292,P100,Res15,1,0,50,5.42,0.97,5.3,1.96,3.4
9.526,0,630989589,0.3,0.052934113,0.5625,693818,24.73826981,0.040423199,P100,Res15,1,0,50,5.42,0.97,5.3,1.96,3.4
9.526,0.04622268286,1658696889,0.3,0.068140837,0.5625,1857722,11.57896805,0.086363482,P100,Res32,0.3729412862,0.01964063748,104,11.05,1.79,14.19,3.62,6.37
9.526,0.04622268286,1658696889,0.3,0.068140837,0.5625,1857722,12.47019958,0.080191178,P100,Res32,0.3729412862,0.01964063748,104,11.05,1.79,14.19,3.62,6.37
9.526,0.04622268286,1658696889,0.3,0.068140837,0.5625,1857722,12.27346516,0.081476583,P100,Res32,0.3729412862,0.01964063748,104,11.05,1.79,14.19,3.62,6.37
9.526,0.04622268286,1658696889,0.3,0.068140837,0.5625,1857722,12.28455067,0.081403059,P100,Res32,0.3729412862,0.01964063748,104,11.05,1.79,14.19,3.62,6.37
9.526,0.04622268286,1658696889,0.3,0.068140837,0.5625,1857722,12.87725353,0.077656311,P100,Res32,0.3729412862,0.01964063748,104,11.05,1.79,14.19,3.62,6.37
9.526,0.04622268286,1658696889,0.3,0.068140837,0.5625,1857722,11.91117954,0.083954742,P100,Res32,0.3729412862,0.01964063748,104,11.05,1.79,14.19,3.62,6.37
9.526,0.04622268286,1658696889,0.3,0.068140837,0.5625,1857722,11.25314617,0.088864037,P100,Res32,0.3729412862,0.01964063748,104,11.05,1.79,14.19,3.62,6.37
9.526,0.04622268286,1658696889,0.3,0.068140837,0.5625,1857722,12.20932961,0.081904579,P100,Res32,0.3729412862,0.01964063748,104,11.05,1.79,14.19,3.62,6.37
9.526,0.04622268286,1658696889,0.3,0.068140837,0.5625,1857722,12.12560272,0.082470127,P100,Res32,0.3729412862,0.01964063748,104,11.05,1.79,14.19,3.62,6.37
9.526,0.04622268286,1658696889,0.3,0.068140837,0.5625,1857722,12.18453312,0.082071261,P100,Res32,0.3729412862,0.01964063748,104,11.05,1.79,14.19,3.62,6.37
9.526,0.04622268286,1658696889,0.3,0.068140837,0.5625,1857722,12.01950645,0.083198092,P100,Res32,0.3729412862,0.01964063748,104,11.05,1.79,14.19,3.62,6.37
9.526,0.04622268286,1658696889,0.3,0.068140837,0.5625,1857722,12.04952717,0.082990808,P100,Res32,0.3729412862,0.01964063748,104,11.05,1.79,14.19,3.62,6.37
9.526,0.04622268286,1658696889,0.3,0.068140837,0.5625,1857722,12.24032784,0.081697158,P100,Res32,0.3729412862,0.01964063748,104,11.05,1.79,14.19,3.62,6.37
9.526,1,22864820174,0.3,0.462785686,5.0625,26204362,2.027602196,0.49319339,P100,shakebig,0.01587039183,0.4249134031,216,22.44,4.01,200.01,7.54,14.43
9.526,1,22864820174,0.3,0.462785686,5.0625,26204362,1.95513618,0.511473324,P100,shakebig,0.01587039183,0.4249134031,216,22.44,4.01,200.01,7.54,14.43
9.526,1,22864820174,0.3,0.462785686,5.0625,26204362,2.050427675,0.487703132,P100,shakebig,0.01587039183,0.4249134031,216,22.44,4.01,200.01,7.54,14.43
9.526,1,22864820174,0.3,0.462785686,5.0625,26204362,2.041935921,0.489731333,P100,shakebig,0.01587039183,0.4249134031,216,22.44,4.01,200.01,7.54,14.43
9.526,1,22864820174,0.3,0.462785686,5.0625,26204362,2.030066967,0.492594587,P100,shakebig,0.01587039183,0.4249134031,216,22.44,4.01,200.01,7.54,14.43
9.526,1,22864820174,0.3,0.462785686,5.0625,26204362,2.038570404,0.49053984,P100,shakebig,0.01587039183,0.4249134031,216,22.44,4.01,200.01,7.54,14.43
9.526,1,22864820174,0.3,0.462785686,5.0625,26204362,2.032358408,0.492039197,P100,shakebig,0.01587039183,0.4249134031,216,22.44,4.01,200.01,7.54,14.43
9.526,1,22864820174,0.3,0.462785686,5.0625,26204362,1.980448008,0.504936255,P100,shakebig,0.01587039183,0.4249134031,216,22.44,4.01,200.01,7.54,14.43
9.526,1,22864820174,0.3,0.462785686,5.0625,26204362,2.099328041,0.476342897,P100,shakebig,0.01587039183,0.4249134031,216,22.44,4.01,200.01,7.54,14.43
9.526,1,22864820174,0.3,0.462785686,5.0625,26204362,2.072199345,0.482579054,P100,shakebig,0.01587039183,0.4249134031,216,22.44,4.01,200.01,7.54,14.43
9.526,1,22864820174,0.3,0.462785686,5.0625,26204362,2.011659622,0.497101989,P100,shakebig,0.01587039183,0.4249134031,216,22.44,4.01,200.01,7.54,14.43
9.526,1,22864820174,0.3,0.462785686,5.0625,26204362,2.023070812,0.494298071,P100,shakebig,0.01587039183,0.4249134031,216,22.44,4.01,200.01,7.54,14.43
9.526,1,22864820174,0.3,0.462785686,5.0625,26204362,2.030786514,0.492420052,P100,shakebig,0.01587039183,0.4249134031,216,22.44,4.01,200.01,7.54,14.43
9.526,0.08799394029,2587431950,0.3,0.05169243283,0.5625,2926986,6.91890192,0.144531605,P100,shakesmall,0.2347489802,0.03738980463,216,22.07,4.01,22.36,7.54,14.44
9.526,0.08799394029,2587431950,0.3,0.05169243283,0.5625,2926986,6.963926315,0.143597154,P100,shakesmall,0.2347489802,0.03738980463,216,22.07,4.01,22.36,7.54,14.44
9.526,0.08799394029,2587431950,0.3,0.05169243283,0.5625,2926986,6.905655384,0.144808848,P100,shakesmall,0.2347489802,0.03738980463,216,22.07,4.01,22.36,7.54,14.44
9.526,0.08799394029,2587431950,0.3,0.05169243283,0.5625,2926986,6.964015007,0.143595325,P100,shakesmall,0.2347489802,0.03738980463,216,22.07,4.01,22.36,7.54,14.44
9.526,0.08799394029,2587431950,0.3,0.05169243283,0.5625,2926986,6.982004642,0.143225342,P100,shakesmall,0.2347489802,0.03738980463,216,22.07,4.01,22.36,7.54,14.44
9.526,0.08799394029,2587431950,0.3,0.05169243283,0.5625,2926986,6.893562317,0.14506288,P100,shakesmall,0.2347489802,0.03738980463,216,22.07,4.01,22.36,7.54,14.44
9.526,0.08799394029,2587431950,0.3,0.05169243283,0.5625,2926986,6.298280716,0.158773488,P100,shakesmall,0.2347489802,0.03738980463,216,22.07,4.01,22.36,7.54,14.44
9.526,0.08799394029,2587431950,0.3,0.05169243283,0.5625,2926986,6.953882694,0.143804554,P100,shakesmall,0.2347489802,0.03738980463,216,22.07,4.01,22.36,7.54,14.44
9.526,0.08799394029,2587431950,0.3,0.05169243283,0.5625,2926986,6.969549179,0.143481303,P100,shakesmall,0.2347489802,0.03738980463,216,22.07,4.01,22.36,7.54,14.44
9.526,0.08799394029,2587431950,0.3,0.05169243283,0.5625,2926986,6.979319096,0.143280453,P100,shakesmall,0.2347489802,0.03738980463,216,22.07,4.01,22.36,7.54,14.44
9.526,0.08799394029,2587431950,0.3,0.05169243283,0.5625,2926986,6.938715935,0.144118884,P100,shakesmall,0.2347489802,0.03738980463,216,22.07,4.01,22.36,7.54,14.44
9.526,0.08799394029,2587431950,0.3,0.05169243283,0.5625,2926986,7.001696587,0.142822527,P100,shakesmall,0.2347489802,0.03738980463,216,22.07,4.01,22.36,7.54,14.44
9.526,0.08799394029,2587431950,0.3,0.05169243283,0.5625,2926986,6.974262714,0.143384332,P100,shakesmall,0.2347489802,0.03738980463,216,22.07,4.01,22.36,7.54,14.44
9.526,0.01030535117,860117021,0.3,0.06541750508,0.5625,1063226,17.46511078,0.057257009,P100,custom1,0.7303966144,0.004378881836,62,6.71,1.13,8.12,2.33,4.05
9.526,0.01030535117,860117021,0.3,0.06541750508,0.5625,1063226,17.19662857,0.058150933,P100,custom1,0.7303966144,0.004378881836,62,6.71,1.13,8.12,2.33,4.05
9.526,0.01030535117,860117021,0.3,0.06541750508,0.5625,1063226,17.10903358,0.058448655,P100,custom1,0.7303966144,0.004378881836,62,6.71,1.13,8.12,2.33,4.05
9.526,0.01030535117,860117021,0.3,0.06541750508,0.5625,1063226,17.03313065,0.058709113,P100,custom1,0.7303966144,0.004378881836,62,6.71,1.13,8.12,2.33,4.05
9.526,0.01030535117,860117021,0.3,0.06541750508,0.5625,1063226,16.69219208,0.059908249,P100,custom1,0.7303966144,0.004378881836,62,6.71,1.13,8.12,2.33,4.05
9.526,0.01030535117,860117021,0.3,0.06541750508,0.5625,1063226,17.09203911,0.05850677,P100,custom1,0.7303966144,0.004378881836,62,6.71,1.13,8.12,2.33,4.05
9.526,0.01030535117,860117021,0.3,0.06541750508,0.5625,1063226,16.72221756,0.059800681,P100,custom1,0.7303966144,0.004378881836,62,6.71,1.13,8.12,2.33,4.05
9.526,0.01030535117,860117021,0.3,0.06541750508,0.5625,1063226,17.27558136,0.057885172,P100,custom1,0.7303966144,0.004378881836,62,6.71,1.13,8.12,2.33,4.05
9.526,0.01030535117,860117021,0.3,0.06541750508,0.5625,1063226,17.33407211,0.057689849,P100,custom1,0.7303966144,0.004378881836,62,6.71,1.13,8.12,2.33,4.05
9.526,0.01030535117,860117021,0.3,0.06541750508,0.5625,1063226,17.60160637,0.056812996,P100,custom1,0.7303966144,0.004378881836,62,6.71,1.13,8.12,2.33,4.05
9.526,0.01030535117,860117021,0.3,0.06541750508,0.5625,1063226,17.43299484,0.05736249,P100,custom1,0.7303966144,0.004378881836,62,6.71,1.13,8.12,2.33,4.05
9.526,0.01030535117,860117021,0.3,0.06541750508,0.5625,1063226,17.32820511,0.057709382,P100,custom1,0.7303966144,0.004378881836,62,6.71,1.13,8.12,2.33,4.05
9.526,0.01030535117,860117021,0.3,0.06541750508,0.5625,1063226,17.21022606,0.058104989,P100,custom1,0.7303966144,0.004378881836,62,6.71,1.13,8.12,2.33,4.05
9.526,0.02054172205,1087710757,0.3,0.06243700595,0.5625,1211194,14.59385967,0.068521969,P100,custom2,0.5750444426,0.008728453023,74,7.9,1.31,9.25,2.69,4.7
9.526,0.02054172205,1087710757,0.3,0.06243700595,0.5625,1211194,14.57462025,0.068612422,P100,custom2,0.5750444426,0.008728453023,74,7.9,1.31,9.25,2.69,4.7
9.526,0.02054172205,1087710757,0.3,0.06243700595,0.5625,1211194,14.20072269,0.070418951,P100,custom2,0.5750444426,0.008728453023,74,7.9,1.31,9.25,2.69,4.7
9.526,0.02054172205,1087710757,0.3,0.06243700595,0.5625,1211194,14.58305645,0.068572731,P100,custom2,0.5750444426,0.008728453023,74,7.9,1.31,9.25,2.69,4.7
9.526,0.02054172205,1087710757,0.3,0.06243700595,0.5625,1211194,14.77654266,0.067674829,P100,custom2,0.5750444426,0.008728453023,74,7.9,1.31,9.25,2.69,4.7
9.526,0.02054172205,1087710757,0.3,0.06243700595,0.5625,1211194,14.71612453,0.067952673,P100,custom2,0.5750444426,0.008728453023,74,7.9,1.31,9.25,2.69,4.7
9.526,0.02054172205,1087710757,0.3,0.06243700595,0.5625,1211194,14.61269665,0.068433638,P100,custom2,0.5750444426,0.008728453023,74,7.9,1.31,9.25,2.69,4.7
9.526,0.02054172205,1087710757,0.3,0.06243700595,0.5625,1211194,14.30917931,0.06988521,P100,custom2,0.5750444426,0.008728453023,74,7.9,1.31,9.25,2.69,4.7
9.526,0.02054172205,1087710757,0.3,0.06243700595,0.5625,1211194,14.33976746,0.069736138,P100,custom2,0.5750444426,0.008728453023,74,7.9,1.31,9.25,2.69,4.7
9.526,0.02054172205,1087710757,0.3,0.06243700595,0.5625,1211194,14.34857082,0.069693352,P100,custom2,0.5750444426,0.008728453023,74,7.9,1.31,9.25,2.69,4.7
9.526,0.02054172205,1087710757,0.3,0.06243700595,0.5625,1211194,14.42355633,0.069331029,P100,custom2,0.5750444426,0.008728453023,74,7.9,1.31,9.25,2.69,4.7
9.526,0.02054172205,1087710757,0.3,0.06243700595,0.5625,1211194,14.71473122,0.067959107,P100,custom2,0.5750444426,0.008728453023,74,7.9,1.31,9.25,2.69,4.7
9.526,0.02054172205,1087710757,0.3,0.06243700595,0.5625,1211194,14.56028366,0.068679981,P100,custom2,0.5750444426,0.008728453023,74,7.9,1.31,9.25,2.69,4.7
9.526,0.04099848816,1542543029,0.3,0.05650835621,0.5625,1451706,11.79740524,0.084764402,P100,custom3,0.4019318939,0.01742080713,98,10.41,1.68,11.09,3.42,6
9.526,0.04099848816,1542543029,0.3,0.05650835621,0.5625,1451706,11.58290577,0.086334122,P100,custom3,0.4019318939,0.01742080713,98,10.41,1.68,11.09,3.42,6
9.526,0.04099848816,1542543029,0.3,0.05650835621,0.5625,1451706,11.60806561,0.086146998,P100,custom3,0.4019318939,0.01742080713,98,10.41,1.68,11.09,3.42,6
9.526,0.04099848816,1542543029,0.3,0.05650835621,0.5625,1451706,11.7188673,0.085332479,P100,custom3,0.4019318939,0.01742080713,98,10.41,1.68,11.09,3.42,6
9.526,0.04099848816,1542543029,0.3,0.05650835621,0.5625,1451706,11.61792374,0.086073899,P100,custom3,0.4019318939,0.01742080713,98,10.41,1.68,11.09,3.42,6
9.526,0.04099848816,1542543029,0.3,0.05650835621,0.5625,1451706,11.62123966,0.08604934,P100,custom3,0.4019318939,0.01742080713,98,10.41,1.68,11.09,3.42,6
9.526,0.04099848816,1542543029,0.3,0.05650835621,0.5625,1451706,11.66220188,0.085747101,P100,custom3,0.4019318939,0.01742080713,98,10.41,1.68,11.09,3.42,6
9.526,0.04099848816,1542543029,0.3,0.05650835621,0.5625,1451706,11.78188896,0.084876033,P100,custom3,0.4019318939,0.01742080713,98,10.41,1.68,11.09,3.42,6
9.526,0.04099848816,1542543029,0.3,0.05650835621,0.5625,1451706,11.6306715,0.085979558,P100,custom3,0.4019318939,0.01742080713,98,10.41,1.68,11.09,3.42,6
9.526,0.04099848816,1542543029,0.3,0.05650835621,0.5625,1451706,11.78413296,0.084859871,P100,custom3,0.4019318939,0.01742080713,98,10.41,1.68,11.09,3.42,6
9.526,0.04099848816,1542543029,0.3,0.05650835621,0.5625,1451706,11.85632992,0.084343132,P100,custom3,0.4019318939,0.01742080713,98,10.41,1.68,11.09,3.42,6
9.526,0.04099848816,1542543029,0.3,0.05650835621,0.5625,1451706,10.91746521,0.091596353,P100,custom3,0.4019318939,0.01742080713,98,10.41,1.68,11.09,3.42,6
9.526,0.04099848816,1542543029,0.3,0.05650835621,0.5625,1451706,11.87290573,0.08422538,P100,custom3,0.4019318939,0.01742080713,98,10.41,1.68,11.09,3.42,6
9.526,0.07703780477,2343835089,0.3,0.07176148551,0.5625,2633658,8.31135273,0.120317358,P100,custom4,0.2603999441,0.0327343958,140,14.82,2.32,20.12,4.69,8.27
9.526,0.07703780477,2343835089,0.3,0.07176148551,0.5625,2633658,8.417821884,0.118795576,P100,custom4,0.2603999441,0.0327343958,140,14.82,2.32,20.12,4.69,8.27
9.526,0.07703780477,2343835089,0.3,0.07176148551,0.5625,2633658,8.439863205,0.118485333,P100,custom4,0.2603999441,0.0327343958,140,14.82,2.32,20.12,4.69,8.27
9.526,0.07703780477,2343835089,0.3,0.07176148551,0.5625,2633658,8.523361206,0.117324607,P100,custom4,0.2603999441,0.0327343958,140,14.82,2.32,20.12,4.69,8.27
9.526,0.07703780477,2343835089,0.3,0.07176148551,0.5625,2633658,8.519062996,0.117383802,P100,custom4,0.2603999441,0.0327343958,140,14.82,2.32,20.12,4.69,8.27
9.526,0.07703780477,2343835089,0.3,0.07176148551,0.5625,2633658,8.542740822,0.11705845,P100,custom4,0.2603999441,0.0327343958,140,14.82,2.32,20.12,4.69,8.27
9.526,0.07703780477,2343835089,0.3,0.07176148551,0.5625,2633658,8.37704277,0.119373868,P100,custom4,0.2603999441,0.0327343958,140,14.82,2.32,20.12,4.69,8.27
9.526,0.07703780477,2343835089,0.3,0.07176148551,0.5625,2633658,8.506596565,0.117555828,P100,custom4,0.2603999441,0.0327343958,140,14.82,2.32,20.12,4.69,8.27
9.526,0.07703780477,2343835089,0.3,0.07176148551,0.5625,2633658,7.991317749,0.125135808,P100,custom4,0.2603999441,0.0327343958,140,14.82,2.32,20.12,4.69,8.27
9.526,0.07703780477,2343835089,0.3,0.07176148551,0.5625,2633658,8.396598816,0.119095841,P100,custom4,0.2603999441,0.0327343958,140,14.82,2.32,20.12,4.69,8.27
9.526,0.07703780477,2343835089,0.3,0.07176148551,0.5625,2633658,8.507139206,0.117548329,P100,custom4,0.2603999441,0.0327343958,140,14.82,2.32,20.12,4.69,8.27
9.526,0.07703780477,2343835089,0.3,0.07176148551,0.5625,2633658,8.520931244,0.117358065,P100,custom4,0.2603999441,0.0327343958,140,14.82,2.32,20.12,4.69,8.27
9.526,0.07703780477,2343835089,0.3,0.07176148551,0.5625,2633658,8.551761627,0.116934971,P100,custom4,0.2603999441,0.0327343958,140,14.82,2.32,20.12,4.69,8.27
9.526,0.1027507169,2915531621,0.3,0.07609275369,0.5625,3391034,7.232980251,0.138255597,P100,custom5,0.2069744263,0.04366015679,170,17.94,2.78,25.9,5.6,9.9
9.526,0.1027507169,2915531621,0.3,0.07609275369,0.5625,3391034,7.159316063,0.139678147,P100,custom5,0.2069744263,0.04366015679,170,17.94,2.78,25.9,5.6,9.9
9.526,0.1027507169,2915531621,0.3,0.07609275369,0.5625,3391034,7.105890751,0.140728311,P100,custom5,0.2069744263,0.04366015679,170,17.94,2.78,25.9,5.6,9.9
9.526,0.1027507169,2915531621,0.3,0.07609275369,0.5625,3391034,7.183849812,0.139201128,P100,custom5,0.2069744263,0.04366015679,170,17.94,2.78,25.9,5.6,9.9
9.526,0.1027507169,2915531621,0.3,0.07609275369,0.5625,3391034,7.214893818,0.138602178,P100,custom5,0.2069744263,0.04366015679,170,17.94,2.78,25.9,5.6,9.9
9.526,0.1027507169,2915531621,0.3,0.07609275369,0.5625,3391034,6.996669292,0.142925149,P100,custom5,0.2069744263,0.04366015679,170,17.94,2.78,25.9,5.6,9.9
9.526,0.1027507169,2915531621,0.3,0.07609275369,0.5625,3391034,6.77968359,0.147499509,P100,custom5,0.2069744263,0.04366015679,170,17.94,2.78,25.9,5.6,9.9
9.526,0.1027507169,2915531621,0.3,0.07609275369,0.5625,3391034,7.123395443,0.140382491,P100,custom5,0.2069744263,0.04366015679,170,17.94,2.78,25.9,5.6,9.9
9.526,0.1027507169,2915531621,0.3,0.07609275369,0.5625,3391034,7.206431389,0.138764937,P100,custom5,0.2069744263,0.04366015679,170,17.94,2.78,25.9,5.6,9.9
9.526,0.1027507169,2915531621,0.3,0.07609275369,0.5625,3391034,7.184682369,0.139184998,P100,custom5,0.2069744263,0.04366015679,170,17.94,2.78,25.9,5.6,9.9
9.526,0.1027507169,2915531621,0.3,0.07609275369,0.5625,3391034,7.133215427,0.140189233,P100,custom5,0.2069744263,0.04366015679,170,17.94,2.78,25.9,5.6,9.9
9.526,0.1027507169,2915531621,0.3,0.07609275369,0.5625,3391034,7.198049545,0.138926524,P100,custom5,0.2069744263,0.04366015679,170,17.94,2.78,25.9,5.6,9.9
9.526,0.1027507169,2915531621,0.3,0.07609275369,0.5625,3391034,7.128687859,0.14027827,P100,custom5,0.2069744263,0.04366015679,170,17.94,2.78,25.9,5.6,9.9
9.526,0.430744489,10208089582,0.3,0.2059514434,2.25,11661610,3.236926079,0.308935075,P100,shakemid,0.05049917754,0.1830291067,216,22.39,4.01,89.03,7.54,14.45
9.526,0.430744489,10208089582,0.3,0.2059514434,2.25,11661610,3.24804163,0.307877827,P100,shakemid,0.05049917754,0.1830291067,216,22.39,4.01,89.03,7.54,14.45
9.526,0.430744489,10208089582,0.3,0.2059514434,2.25,11661610,3.069489241,0.325787101,P100,shakemid,0.05049917754,0.1830291067,216,22.39,4.01,89.03,7.54,14.45
9.526,0.430744489,10208089582,0.3,0.2059514434,2.25,11661610,3.268933773,0.305910144,P100,shakemid,0.05049917754,0.1830291067,216,22.39,4.01,89.03,7.54,14.45
9.526,0.430744489,10208089582,0.3,0.2059514434,2.25,11661610,3.180564165,0.314409629,P100,shakemid,0.05049917754,0.1830291067,216,22.39,4.01,89.03,7.54,14.45
9.526,0.430744489,10208089582,0.3,0.2059514434,2.25,11661610,3.117746592,0.320744477,P100,shakemid,0.05049917754,0.1830291067,216,22.39,4.01,89.03,7.54,14.45
9.526,0.430744489,10208089582,0.3,0.2059514434,2.25,11661610,3.172241688,0.315234493,P100,shakemid,0.05049917754,0.1830291067,216,22.39,4.01,89.03,7.54,14.45
9.526,0.430744489,10208089582,0.3,0.2059514434,2.25,11661610,3.193144798,0.313170891,P100,shakemid,0.05049917754,0.1830291067,216,22.39,4.01,89.03,7.54,14.45
9.526,0.430744489,10208089582,0.3,0.2059514434,2.25,11661610,3.167206049,0.315735694,P100,shakemid,0.05049917754,0.1830291067,216,22.39,4.01,89.03,7.54,14.45
9.526,0.430744489,10208089582,0.3,0.2059514434,2.25,11661610,3.218117714,0.310740653,P100,shakemid,0.05049917754,0.1830291067,216,22.39,4.01,89.03,7.54,14.45
9.526,0.430744489,10208089582,0.3,0.2059514434,2.25,11661610,3.159460068,0.316509777,P100,shakemid,0.05049917754,0.1830291067,216,22.39,4.01,89.03,7.54,14.45
9.526,0.430744489,10208089582,0.3,0.2059514434,2.25,11661610,3.308091164,0.30228913,P100,shakemid,0.05049917754,0.1830291067,216,22.39,4.01,89.03,7.54,14.45
9.526,0.430744489,10208089582,0.3,0.2059514434,2.25,11661610,3.128946304,0.319596408,P100,shakemid,0.05049917754,0.1830291067,216,22.39,4.01,89.03,7.54,14.45
9.526,0.1489893754,3943594121,0.3,0.07851399694,0.5625,4610362,5.226027489,0.191349931,P100,custom6,0.1498742379,0.06330758254,224,23.61,3.61,35.22,7.24,12.83
9.526,0.1489893754,3943594121,0.3,0.07851399694,0.5625,4610362,5.26075983,0.19008661,P100,custom6,0.1498742379,0.06330758254,224,23.61,3.61,35.22,7.24,12.83
9.526,0.1489893754,3943594121,0.3,0.07851399694,0.5625,4610362,5.214397907,0.191776696,P100,custom6,0.1498742379,0.06330758254,224,23.61,3.61,35.22,7.24,12.83
9.526,0.1489893754,3943594121,0.3,0.07851399694,0.5625,4610362,5.304066181,0.188534601,P100,custom6,0.1498742379,0.06330758254,224,23.61,3.61,35.22,7.24,12.83
9.526,0.1489893754,3943594121,0.3,0.07851399694,0.5625,4610362,5.13694191,0.194668349,P100,custom6,0.1498742379,0.06330758254,224,23.61,3.61,35.22,7.24,12.83
9.526,0.1489893754,3943594121,0.3,0.07851399694,0.5625,4610362,5.238268852,0.190902764,P100,custom6,0.1498742379,0.06330758254,224,23.61,3.61,35.22,7.24,12.83
9.526,0.1489893754,3943594121,0.3,0.07851399694,0.5625,4610362,5.262257099,0.190032524,P100,custom6,0.1498742379,0.06330758254,224,23.61,3.61,35.22,7.24,12.83
9.526,0.1489893754,3943594121,0.3,0.07851399694,0.5625,4610362,5.278831959,0.189435846,P100,custom6,0.1498742379,0.06330758254,224,23.61,3.61,35.22,7.24,12.83
9.526,0.1489893754,3943594121,0.3,0.07851399694,0.5625,4610362,5.284197807,0.189243483,P100,custom6,0.1498742379,0.06330758254,224,23.61,3.61,35.22,7.24,12.83
9.526,0.1489893754,3943594121,0.3,0.07851399694,0.5625,4610362,5.302657604,0.188584682,P100,custom6,0.1498742379,0.06330758254,224,23.61,3.61,35.22,7.24,12.83
9.526,0.1489893754,3943594121,0.3,0.07851399694,0.5625,4610362,5.242841721,0.190736256,P100,custom6,0.1498742379,0.06330758254,224,23.61,3.61,35.22,7.24,12.83
9.526,0.1489893754,3943594121,0.3,0.07851399694,0.5625,4610362,5.041877747,0.198338804,P100,custom6,0.1498742379,0.06330758254,224,23.61,3.61,35.22,7.24,12.83
9.526,0.1489893754,3943594121,0.3,0.07851399694,0.5625,4610362,5.281276226,0.189348172,P100,custom6,0.1498742379,0.06330758254,224,23.61,3.61,35.22,7.24,12.83
9.526,0.1951960826,4970946221,0.3,0.07847356453,0.5625,5718842,4.291708946,0.233007413,P100,custom7,0.1164072962,0.08294143175,278,29.26,4.44,43.68,8.88,15.76
9.526,0.1951960826,4970946221,0.3,0.07847356453,0.5625,5718842,4.189658165,0.238682957,P100,custom7,0.1164072962,0.08294143175,278,29.26,4.44,43.68,8.88,15.76
9.526,0.1951960826,4970946221,0.3,0.07847356453,0.5625,5718842,4.201039791,0.238036308,P100,custom7,0.1164072962,0.08294143175,278,29.26,4.44,43.68,8.88,15.76
9.526,0.1951960826,4970946221,0.3,0.07847356453,0.5625,5718842,4.125562668,0.242391179,P100,custom7,0.1164072962,0.08294143175,278,29.26,4.44,43.68,8.88,15.76
9.526,0.1951960826,4970946221,0.3,0.07847356453,0.5625,5718842,4.286252975,0.233304008,P100,custom7,0.1164072962,0.08294143175,278,29.26,4.44,43.68,8.88,15.76
9.526,0.1951960826,4970946221,0.3,0.07847356453,0.5625,5718842,4.286452293,0.23329316,P100,custom7,0.1164072962,0.08294143175,278,29.26,4.44,43.68,8.88,15.76
9.526,0.1951960826,4970946221,0.3,0.07847356453,0.5625,5718842,4.283569336,0.233450172,P100,custom7,0.1164072962,0.08294143175,278,29.26,4.44,43.68,8.88,15.76
9.526,0.1951960826,4970946221,0.3,0.07847356453,0.5625,5718842,4.236886501,0.236022372,P100,custom7,0.1164072962,0.08294143175,278,29.26,4.44,43.68,8.88,15.76
9.526,0.1951960826,4970946221,0.3,0.07847356453,0.5625,5718842,4.239542484,0.235874509,P100,custom7,0.1164072962,0.08294143175,278,29.26,4.44,43.68,8.88,15.76
9.526,0.1951960826,4970946221,0.3,0.07847356453,0.5625,5718842,4.082957268,0.244920516,P100,custom7,0.1164072962,0.08294143175,278,29.26,4.44,43.68,8.88,15.76
9.526,0.1951960826,4970946221,0.3,0.07847356453,0.5625,5718842,4.261269569,0.234671847,P100,custom7,0.1164072962,0.08294143175,278,29.26,4.44,43.68,8.88,15.76
9.526,0.1951960826,4970946221,0.3,0.07847356453,0.5625,5718842,4.297031879,0.232718776,P100,custom7,0.1164072962,0.08294143175,278,29.26,4.44,43.68,8.88,15.76
9.526,0.1951960826,4970946221,0.3,0.07847356453,0.5625,5718842,4.241024017,0.23579211,P100,custom7,0.1164072962,0.08294143175,278,29.26,4.44,43.68,8.88,15.76
9.526,0.2361785951,5882144461,0.3,0.07513907497,0.5625,6421306,3.704893112,0.26991332,P100,custom8,0.09650669891,0.1003554506,326,34.36,5.18,49.05,10.34,18.35
9.526,0.2361785951,5882144461,0.3,0.07513907497,0.5625,6421306,3.693801641,0.270723795,P100,custom8,0.09650669891,0.1003554506,326,34.36,5.18,49.05,10.34,18.35
9.526,0.2361785951,5882144461,0.3,0.07513907497,0.5625,6421306,3.577709436,0.279508445,P100,custom8,0.09650669891,0.1003554506,326,34.36,5.18,49.05,10.34,18.35
9.526,0.2361785951,5882144461,0.3,0.07513907497,0.5625,6421306,3.672390699,0.272302182,P100,custom8,0.09650669891,0.1003554506,326,34.36,5.18,49.05,10.34,18.35
9.526,0.2361785951,5882144461,0.3,0.07513907497,0.5625,6421306,3.653672934,0.273697186,P100,custom8,0.09650669891,0.1003554506,326,34.36,5.18,49.05,10.34,18.35
9.526,0.2361785951,5882144461,0.3,0.07513907497,0.5625,6421306,3.690273285,0.270982641,P100,custom8,0.09650669891,0.1003554506,326,34.36,5.18,49.05,10.34,18.35
9.526,0.2361785951,5882144461,0.3,0.07513907497,0.5625,6421306,3.684679747,0.271394007,P100,custom8,0.09650669891,0.1003554506,326,34.36,5.18,49.05,10.34,18.35
9.526,0.2361785951,5882144461,0.3,0.07513907497,0.5625,6421306,3.560014963,0.280897696,P100,custom8,0.09650669891,0.1003554506,326,34.36,5.18,49.05,10.34,18.35
9.526,0.2361785951,5882144461,0.3,0.07513907497,0.5625,6421306,3.69197464,0.270857765,P100,custom8,0.09650669891,0.1003554506,326,34.36,5.18,49.05,10.34,18.35
9.526,0.2361785951,5882144461,0.3,0.07513907497,0.5625,6421306,3.698399782,0.27038721,P100,custom8,0.09650669891,0.1003554506,326,34.36,5.18,49.05,10.34,18.35
9.526,0.2361785951,5882144461,0.3,0.07513907497,0.5625,6421306,3.682033539,0.271589052,P100,custom8,0.09650669891,0.1003554506,326,34.36,5.18,49.05,10.34,18.35
9.526,0.2361785951,5882144461,0.3,0.07513907497,0.5625,6421306,3.67527318,0.272088618,P100,custom8,0.09650669891,0.1003554506,326,34.36,5.18,49.05,10.34,18.35
9.526,0.2361785951,5882144461,0.3,0.07513907497,0.5625,6421306,3.602854729,0.27755768,P100,custom8,0.09650669891,0.1003554506,326,34.36,5.18,49.05,10.34,18.35
9.526,0.001480562734,663908170,0.3,0.01339536394,0.140625,737418,7.765321732,0.128777665,P100,shake16,0.9498190488,0.0006291109499,210,21.03,3.91,5.64,7.35,14.08
9.526,0.001480562734,663908170,0.3,0.01339536394,0.140625,737418,7.795516014,0.128278872,P100,shake16,0.9498190488,0.0006291109499,210,21.03,3.91,5.64,7.35,14.08
9.526,0.001480562734,663908170,0.3,0.01339536394,0.140625,737418,7.703331947,0.129813957,P100,shake16,0.9498190488,0.0006291109499,210,21.03,3.91,5.64,7.35,14.08
9.526,0.001480562734,663908170,0.3,0.01339536394,0.140625,737418,7.770971298,0.128684042,P100,shake16,0.9498190488,0.0006291109499,210,21.03,3.91,5.64,7.35,14.08
9.526,0.001480562734,663908170,0.3,0.01339536394,0.140625,737418,7.857872963,0.127260902,P100,shake16,0.9498190488,0.0006291109499,210,21.03,3.91,5.64,7.35,14.08
9.526,0.001480562734,663908170,0.3,0.01339536394,0.140625,737418,7.843464375,0.127494682,P100,shake16,0.9498190488,0.0006291109499,210,21.03,3.91,5.64,7.35,14.08
9.526,0.001480562734,663908170,0.3,0.01339536394,0.140625,737418,7.382807255,0.135449832,P100,shake16,0.9498190488,0.0006291109499,210,21.03,3.91,5.64,7.35,14.08
9.526,0.001480562734,663908170,0.3,0.01339536394,0.140625,737418,7.994361877,0.125088158,P100,shake16,0.9498190488,0.0006291109499,210,21.03,3.91,5.64,7.35,14.08
9.526,0.001480562734,663908170,0.3,0.01339536394,0.140625,737418,7.705901623,0.129770668,P100,shake16,0.9498190488,0.0006291109499,210,21.03,3.91,5.64,7.35,14.08
9.526,0.001480562734,663908170,0.3,0.01339536394,0.140625,737418,7.703012943,0.129819333,P100,shake16,0.9498190488,0.0006291109499,210,21.03,3.91,5.64,7.35,14.08
9.526,0.001480562734,663908170,0.3,0.01339536394,0.140625,737418,7.538617611,0.132650315,P100,shake16,0.9498190488,0.0006291109499,210,21.03,3.91,5.64,7.35,14.08
9.526,0.001480562734,663908170,0.3,0.01339536394,0.140625,737418,7.772497177,0.128658779,P100,shake16,0.9498190488,0.0006291109499,210,21.03,3.91,5.64,7.35,14.08
9.526,0.001480562734,663908170,0.3,0.01339536394,0.140625,737418,7.847983837,0.127421261,P100,shake16,0.9498190488,0.0006291109499,210,21.03,3.91,5.64,7.35,14.08
9.526,0.2310560943,5768251646,0.3,0.1160000342,1.265625,6568282,4.245769978,0.235528539,P100,shake48,0.09865030229,0.09817883136,216,22.13,4.01,50.16,7.54,14.44
9.526,0.2310560943,5768251646,0.3,0.1160000342,1.265625,6568282,4.238260269,0.235945868,P100,shake48,0.09865030229,0.09817883136,216,22.13,4.01,50.16,7.54,14.44
9.526,0.2310560943,5768251646,0.3,0.1160000342,1.265625,6568282,4.239062309,0.235901227,P100,shake48,0.09865030229,0.09817883136,216,22.13,4.01,50.16,7.54,14.44
9.526,0.2310560943,5768251646,0.3,0.1160000342,1.265625,6568282,4.113176346,0.24312111,P100,shake48,0.09865030229,0.09817883136,216,22.13,4.01,50.16,7.54,14.44
9.526,0.2310560943,5768251646,0.3,0.1160000342,1.265625,6568282,4.251641273,0.235203286,P100,shake48,0.09865030229,0.09817883136,216,22.13,4.01,50.16,7.54,14.44
9.526,0.2310560943,5768251646,0.3,0.1160000342,1.265625,6568282,4.184967518,0.238950481,P100,shake48,0.09865030229,0.09817883136,216,22.13,4.01,50.16,7.54,14.44
9.526,0.2310560943,5768251646,0.3,0.1160000342,1.265625,6568282,4.237798214,0.235971594,P100,shake48,0.09865030229,0.09817883136,216,22.13,4.01,50.16,7.54,14.44
9.526,0.2310560943,5768251646,0.3,0.1160000342,1.265625,6568282,4.291742325,0.233005601,P100,shake48,0.09865030229,0.09817883136,216,22.13,4.01,50.16,7.54,14.44
9.526,0.2310560943,5768251646,0.3,0.1160000342,1.265625,6568282,4.2863307,0.233299778,P100,shake48,0.09865030229,0.09817883136,216,22.13,4.01,50.16,7.54,14.44
9.526,0.2310560943,5768251646,0.3,0.1160000342,1.265625,6568282,4.129676342,0.242149727,P100,shake48,0.09865030229,0.09817883136,216,22.13,4.01,50.16,7.54,14.44
9.526,0.2310560943,5768251646,0.3,0.1160000342,1.265625,6568282,4.293819904,0.232892861,P100,shake48,0.09865030229,0.09817883136,216,22.13,4.01,50.16,7.54,14.44
9.526,0.2310560943,5768251646,0.3,0.1160000342,1.265625,6568282,4.295336723,0.232810619,P100,shake48,0.09865030229,0.09817883136,216,22.13,4.01,50.16,7.54,14.44
9.526,0.2310560943,5768251646,0.3,0.1160000342,1.265625,6568282,4.296181202,0.232764856,P100,shake48,0.09865030229,0.09817883136,216,22.13,4.01,50.16,7.54,14.44
9.526,0.6870591242,15906945758,0.3,0.3215466605,3.515625,18206970,2.436048031,0.410500937,P100,shake80,0.02808698145,0.2919406306,216,22.42,4.01,138.98,7.54,14.43
9.526,0.6870591242,15906945758,0.3,0.3215466605,3.515625,18206970,2.388613939,0.418652836,P100,shake80,0.02808698145,0.2919406306,216,22.42,4.01,138.98,7.54,14.43
9.526,0.6870591242,15906945758,0.3,0.3215466605,3.515625,18206970,2.408522367,0.415192324,P100,shake80,0.02808698145,0.2919406306,216,22.42,4.01,138.98,7.54,14.43
9.526,0.6870591242,15906945758,0.3,0.3215466605,3.515625,18206970,2.446396828,0.408764428,P100,shake80,0.02808698145,0.2919406306,216,22.42,4.01,138.98,7.54,14.43
9.526,0.6870591242,15906945758,0.3,0.3215466605,3.515625,18206970,2.39550066,0.417449269,P100,shake80,0.02808698145,0.2919406306,216,22.42,4.01,138.98,7.54,14.43
9.526,0.6870591242,15906945758,0.3,0.3215466605,3.515625,18206970,2.356471062,0.42436337,P100,shake80,0.02808698145,0.2919406306,216,22.42,4.01,138.98,7.54,14.43
9.526,0.6870591242,15906945758,0.3,0.3215466605,3.515625,18206970,2.438165903,0.410144363,P100,shake80,0.02808698145,0.2919406306,216,22.42,4.01,138.98,7.54,14.43
9.526,0.6870591242,15906945758,0.3,0.3215466605,3.515625,18206970,2.345353365,0.426374983,P100,shake80,0.02808698145,0.2919406306,216,22.42,4.01,138.98,7.54,14.43
9.526,0.6870591242,15906945758,0.3,0.3215466605,3.515625,18206970,2.424469948,0.412461289,P100,shake80,0.02808698145,0.2919406306,216,22.42,4.01,138.98,7.54,14.43
9.526,0.6870591242,15906945758,0.3,0.3215466605,3.515625,18206970,2.411535025,0.414673637,P100,shake80,0.02808698145,0.2919406306,216,22.42,4.01,138.98,7.54,14.43
9.526,0.6870591242,15906945758,0.3,0.3215466605,3.515625,18206970,2.361737251,0.423417126,P100,shake80,0.02808698145,0.2919406306,216,22.42,4.01,138.98,7.54,14.43
9.526,0.6870591242,15906945758,0.3,0.3215466605,3.515625,18206970,2.392803192,0.41791987,P100,shake80,0.02808698145,0.2919406306,216,22.42,4.01,138.98,7.54,14.43
9.526,0.6870591242,15906945758,0.3,0.3215466605,3.515625,18206970,2.427014112,0.412028919,P100,shake80,0.02808698145,0.2919406306,216,22.42,4.01,138.98,7.54,14.43